{
  "project_info": {
    "project_number": "501558110105",
    "project_id": "crud-38067",
    "storage_bucket": "crud-38067.appspot.com"
  },
  "client": [
    {
      "client_info": {
        "mobilesdk_app_id": "1:501558110105:android:576d113d9bf898ea6a1508",
        "android_client_info": {
          "package_name": "com.example.proyecto1"
        }
      },
      "oauth_client": [
        {
          "client_id": "501558110105-gh9me2u58sntmnkcvcnbgn7l99atssmi.apps.googleusercontent.com",
          "client_type": 3
        }
      ],
      "api_key": [
        {
          "current_key": "AIzaSyDPVsYMhijT0d7Le0DLInJWLkdsEXhTRPA"
        }
      ],
      "services": {
        "appinvite_service": {
          "other_platform_oauth_client": [
            {
              "client_id": "501558110105-gh9me2u58sntmnkcvcnbgn7l99atssmi.apps.googleusercontent.com",
              "client_type": 3
            }
          ]
        }
      }
    }
  ],
  "configuration_version": "1"
}